﻿<?xml version="1.0" encoding="UTF-8" standalone="yes"?>
<addon id="plugin.video.the-loop" name="The Loop" version="1.2" provider-name="Munkee">
    <requires>
        <import addon="xbmc.python" version="2.19.0" />
        <import addon="script.module.universalscrapers" version="0.5.5" />
        <import addon="script.module.python.koding.aio" version="0.9.6.6" />
        <import addon="script.module.beautifulsoup" version="3.2.1" />
        <import addon="script.module.requests" version="2.9.1" />
        <import addon="script.module.addon.common" version="2.0.0" />
        <import addon="script.module.xmltodict" version="0.9.0" />
        <!--<import addon="script.module.web-pdb" version="1.0"/>-->
        <import addon="script.module.resolveurl" />
        <import addon="plugin.video.live.streamspro" version="2.8.1" />
    </requires>
    <extension point="xbmc.python.pluginsource" library="default.py">
        <provides>video</provides>
        </extension>
        <extension point="xbmc.service" library="service.py" start="[login|startup]">
              </extension>
        <extension point="xbmc.addon.metadata">
          <summary lang="en">The Loop</summary>
          <description lang="en">The Loop is a Sports addon made with the Jen template which is derived from BOB. Powered by Jen. </description>
          <platform>all</platform>
          <forum></forum>
          <website></website>
          <video_guide></video_guide>
          <video_preview></video_preview>
        </extension>
</addon>
