<?xml version="1.0" encoding="UTF-8" standalone="yes"?>
<addon id="repository.loop" name="[COLORlime]Loop[/COLOR] Repository" version="2.0.0" provider-name="Loop">
	<extension point="xbmc.addon.repository" name="Loop Repository">
	<dir>
        <info compressed="false">https://github.com/zqfaen/tva-common/raw/master/addons.xml</info>
        <checksum>https://github.com/zqfaen/tva-common/raw/master/addons.xml.md5</checksum>
        <datadir zip="true">https://github.com/zqfaen/tva-common/raw/master/zips/</datadir>
	</dir>
	<dir>
		<info compressed="false">https://raw.githubusercontent.com/noobsandnerds/modules4all/master/zips/addons.xml</info>
		<checksum>https://raw.githubusercontent.com/noobsandnerds/modules4all/master/zips/addons.xml.md5</checksum>
		<datadir zip="true">https://raw.githubusercontent.com/noobsandnerds/modules4all/master/zips/</datadir>
	</dir>
		<info compressed="false">https://raw.githubusercontent.com/LoopAddon/repository.the-loop/master/addons.xml</info>
		<checksum>https://raw.githubusercontent.com/LoopAddon/repository.the-loop/master/addons.xml.md5</checksum>
		<datadir zip="true">https://raw.githubusercontent.com/LoopAddon/repository.the-loop/master/</datadir>
	</extension>
	<extension point="xbmc.addon.metadata">
		<summary></summary>
		<description></description>
		<platform>all</platform>
	</extension>
</addon>